Rn.220,CCAAAGGTACAATAGATCACAGCCTGCCCAGCATGCAAAAGGCCTCAAGG
Rn.220,CACTGCATCACCAGTTAGGCCCAGCAGGAAGTCAGCAAACTGTAAATGTC
Rn.220,CTAACTAGAAGAGGAGATCTTCACGGGGTTTCAGTGTGGGATCCCTAGGC
Rn.220,GGTCTACATAAGTGAGTTCCAAGACAGCCAGGGCTACGTAGAAATACTTT
Rn.506,GAGCCATCGTGTCTTACTCTTCCCTGTGAAGCCAGGATCTCTGTAACGTA
Rn.506,CTGGCAGCTTACCTATCTCAGCATATCCTAGTAGTCAGTGCTACCTGTGG
Rn.506,GACTCCTGGCAGCTTACCTATCTCAGCATATCCTAGTAGTCAGTGCTACC
Rn.506,TGTAGAAGAGAATGCATGCCGCTATAACAGCAGTCCACCAACCTTTGTGT
Rn.977,AAAACGTGCCATACTAATGGTGAGCCATCAGCACGGTGTGAACTTGAGTC
Rn.977,ACTGTTGGATGTTGACCTGCACATTCTGTATATTTGTCCTGACAGTGTTG
Rn.1129,GAGCCTGGCTCCGAGAAGCCACCCCATTCCAAAAGAAGCCTTTAGTGTAT
Rn.1129,TTGTCGGTCTCCAGACATTTCTGTTGCATTCTCTGTCTTCCTGTCTCTCT
Rn.1429,CCACTTAGATGGCGGGCCCGCCCTCACCAAACAGGAATTTCTATTAGGAT
Rn.1429,AAGCCCTCCCCAGGTGATGGACAATTATGATAGCTTATCGTAGCCGAACG
Rn.1429,TAAGTTAGCAAGAGAAGATAACCCTGAGCCCTGCCTCCCCAACACCGAAA
Rn.1429,CACTGAAGTCCACTTTCGATTGCTTCCGTGCAATAAAACCAAGTGCTTCT
Rn.1472,CCCTTAGCCTCGCTGTAGAGACTTCTGTCGCCCTGGGTAGAGTTTATTTT
Rn.1472,TAAGCTGTTGCAGACACTGAAATAAATTAGGGTTTGGCCTGCCCTAAAAA
Rn.1495,CCGCCTCCGTGGGGACTCAGAAAGAAGCAGGTTATTTTAACTAGCAATAG
Rn.1495,TAGTGCTGGGTAAGCTATTAATGGTGGAAGTTAATGAGACATTGTACAGT
Rn.1495,TAGTGCTGGGTAAGCTATTAATGGTGGAAGTTAATGAGACATTGTACAGT
Rn.1495,CCATATAGTCTATTCACTGAGTAATCTTTTTACAGTTGGATCAGGCCTGA
Rn.1495,AGGCCTGAACCCGTCCATTCAGAAAGCTTCAAATTATAGAAACAACACTG
Rn.1495,TGAGGCTTATAAATCAAAAGGAACTAACTTGCCGTCCACCGGTTTATACA
Rn.1495,CTTGCCGTCCACCGGTTTATACAGAACTCACAGTATCTATGACTTTTTTA
Rn.1495,TGTTAAAATGAATCTGTTTCCACAGATGCCCGTGTACAATGCCATGTGCT
